{"cameraMode":{"drawMode":0,"name":"Shaded","section":"Shading Mode"},"sceneLighting":false,"audioPlay":false,"sceneViewState":{"showFog":true,"showMaterialUpdate":true,"showSkybox":true,"showFlares":true,"showImageEffects":true,"showParticleSystems":true},"in2DMode":false,"pivot":{"x":-108.60284423828125,"y":-420.16070556640627,"z":-331.25201416015627},"rotation":{"x":-0.1005263552069664,"y":0.8673630952835083,"z":-0.44660934805870058,"w":-0.19523288309574128},"size":542.9053344726563,"orthographic":false}